<?xml version="1.0" encoding="UTF-8"?>
<!DOCTYPE mapper
  PUBLIC "-//mybatis.org//DTD Mapper 3.0//EN"
  "http://mybatis.org/dtd/mybatis-3-mapper.dtd">
  <mapper namespace="com.kitri.cafe.board.dao.ReboardDao">
  	<insert id="writeArticle" parameterType="reboardDto">
  		insert all
  			into board (seq, id, name, email, subject, content, hit, logtime, bcode)
  			values (#{seq}, #{id}, #{name}, #{email}, #{subject}, #{content}, 0, sysdate, #{bcode})
  			into reboard (rseq, seq, ref, lev, step, pseq, reply)
  			values (reboard_rseq.nextval, #{seq}, #{ref}, 0, 0, 0, 0)
  		select * from dual
  	</insert>
  	<select id="viewArticle" parameterType="int" resultType="reboardDto">
  		SELECT b.seq, b.id, b.name, b.email, b.subject, b.content, b.hit, b.logtime, b.bcode,
  			   r.rseq, r.ref, r.lev, r.step, r.pseq, r.reply 
  		FROM board b, reboard r
  		WHERE b.seq = r.seq
  		AND b.seq = #{seq}
  	</select>
  	<select id="listArticle" parameterType="map" resultType="reboardDto">
  		
	  		SELECT a.seq, a.id, a.name, a.email, a.subject, a.content, a.hit, a.bcode, 
	        decode(to_char(a.logtime, 'yymmdd'), to_char(sysdate, 'yymmdd'), 
	        to_char(a.logtime, 'hh24:mi:ss'), to_char(a.logtime, 'yy/mm/dd')) logtime,
	                a.rseq, a.ref, a.lev, a.step, a.pseq, a.reply
			FROM    
			        (SELECT rownum r, b.*
			        FROM 	(SELECT b.seq, b.id, b.name, b.email, b.subject, b.content, b.hit, b.bcode, b.logtime,
			                r.rseq, r.ref, r.lev, r.step, r.pseq, r.reply
			                FROM board b, reboard r
			                WHERE b.seq = r.seq
			                AND b.bcode = #{bcode}
			                
			                <if test="word != null and word != ''">
			                	<if test="key == 'subject'">
			                		and b.subject like '%'||#{word}||'%'
			                	</if>
			                	<if test="key != 'subject'">
			                		and b.${key} = #{word}
			                	</if>
			                </if>
			               
			                ORDER BY b.seq DESC) b
			<![CDATA[WHERE rownum < #{endRow}
			        ) a
			WHERE a.r >= #{startRow}]]>
  	</select>
  </mapper>